epoch,wp_tmp_bytes
1785002269.724542131,14533372
1785002269.817904719,14533372
1785002269.908821303,14533372
1785002270.004570063,14533372
1785002270.097414277,14533372
1785002270.182177434,14533372
1785002270.275557992,14533372
1785002270.367122223,14533372
1785002270.464002302,14533372
1785002270.560031929,14533372
1785002270.654190117,14533372
1785002270.746669342,14533372
1785002270.837414783,14533372
1785002270.938058478,14533372
1785002271.034565047,14533372
1785002271.136239099,14533372
1785002271.234494334,14533372
1785002271.320166583,14533372
1785002271.420684825,14533372
1785002271.516827755,14533372
1785002271.614471014,14533372
1785002271.723210708,14533372
1785002271.820606580,14533372
1785002271.913280930,14533372
1785002272.011910404,14533372
1785002272.108886695,14533372
1785002272.208173106,14533372
1785002272.299632805,14533372
1785002272.397361165,14533372
1785002272.489467260,14533372
1785002272.583430164,14533372
1785002272.691194223,14533372
1785002272.794866807,25117261
1785002272.895000350,25117261
1785002272.996960619,25117261
1785002273.100710095,25117261
1785002273.192913393,25117261
1785002273.297226614,25117261
1785002273.385383777,25301503
1785002273.478695254,25972872
1785002273.576282451,27012741
1785002273.673117318,27845681
1785002273.766976449,28475314
1785002273.854438885,28991961
1785002273.948555132,29566409
1785002274.037242919,29975117
1785002274.134507758,30597709
1785002274.227522417,31096614
1785002274.321147512,31625805
1785002274.410599089,32199245
1785002274.505303831,32520719
1785002274.595762174,32920141
1785002274.692780506,33215053
1785002274.790077276,33550925
1785002274.886962125,34099789
1785002274.985582528,34480717
1785002275.089213341,35243332
1785002275.194293441,35529293
1785002275.290712118,35856973
1785002275.381493409,36094541
1785002275.484823994,36818768
1785002275.592376788,37534404
1785002275.684496654,38049168
1785002275.785386146,38829164
1785002275.877467391,39326767
1785002275.983156527,40071883
1785002276.076987777,40373936
1785002276.163172120,40373936
1785002276.258424017,25117261
1785002276.337876436,25117261
1785002276.434579570,25117261
1785002276.517486188,25117261
1785002276.613003532,25117261
1785002276.707513949,25117262
1785002276.801354520,25117262
1785002276.894775619,25117262
1785002276.991145585,25117262
1785002277.072180635,25117262
1785002277.166441386,25117262
1785002277.276919265,25122653
1785002277.372384567,25122653
1785002277.471588346,25117262
1785002277.568584308,25117262
1785002277.671634435,25117262
1785002277.781224982,25117262
1785002277.881260232,25237886
1785002277.977655138,25237886
1785002278.069024835,25117262
1785002278.165078802,25117262
1785002278.258224655,25117262
1785002278.356123930,25117262
1785002278.444498279,25122250
1785002278.535763693,25117262
1785002278.628663699,25117262
1785002278.721094113,25117262
1785002278.814598585,25117262
1785002278.902572413,25117262
1785002279.002413919,25272011
1785002279.099391830,25272011
1785002279.193251491,25117262
1785002279.279610938,25117262
1785002279.374311360,25117262
1785002279.481545926,25117262
1785002279.575936691,25117262
1785002279.675465468,25117262
1785002279.768428975,25454519
1785002279.866352601,26175554
1785002279.963581309,26942542
1785002280.060915159,27769182
1785002280.146725393,28340036
1785002280.238474099,28781313
1785002280.344555625,29289962
1785002280.445060497,30068102
1785002280.537188653,30785447
1785002280.634976665,31474254
1785002280.743010012,32099885
1785002280.844208192,32973985
1785002280.956061427,34034254
1785002281.049219860,35505543
1785002281.142903086,36423284
1785002281.242768972,38019662
1785002281.336032257,39818537
1785002281.435840842,40769237
1785002281.527510776,41172328
1785002281.625337109,41966600
1785002281.715659438,42863876
1785002281.813204074,43668832
1785002281.911921030,44432415
1785002282.009170439,45657341
1785002282.101573752,45657341
1785002282.197033054,25117262
1785002282.287408795,25117262
1785002282.389280853,25117262
1785002282.482238810,25117262
1785002282.563918447,25117262
1785002282.682108555,25117262
1785002282.774936950,25118831
1785002282.893147689,25118831
1785002282.989620077,25117262
1785002283.085047928,25117262
1785002283.178214011,25117262
1785002283.274604277,25117262
1785002283.368256073,27206222
1785002283.460657416,32150094
1785002283.552880475,33141812
1785002283.644556889,25117269
1785002283.740692159,25117262
1785002283.851442375,25117262
1785002283.933125852,25117262
1785002284.031688324,25117262
1785002284.130566525,25117262
1785002284.232775001,28079979
1785002284.331349643,28079979
1785002284.429769872,25117262
1785002284.528535039,25117262
1785002284.609638821,25117262
1785002284.703669266,25117262
1785002284.802748732,25420366
1785002284.896723925,27206222
1785002284.994566009,27326732
1785002285.089954549,25117262
1785002285.183854931,25117262
1785002285.276669715,25117262
1785002285.372773264,25117262
1785002285.461060831,25117262
1785002285.558450823,25117445
1785002285.650970589,25117262
1785002285.754885520,25117262
1785002285.836562346,25117262
1785002285.924824403,25117262
1785002286.018726585,25117262
1785002286.123719793,25117263
1785002286.221311230,25117263
1785002286.301512589,25117263
1785002286.398801938,25117263
1785002286.496139189,25117263
1785002286.593817328,25117263
1785002286.689767413,25192287
1785002286.788052698,25274967
1785002286.886017815,25358786
1785002286.986103056,25447261
1785002287.079662509,25522828
1785002287.175007178,25117263
1785002287.256596353,25117263
1785002287.355925035,25117263
1785002287.448954884,25117263
1785002287.533112935,25117263
1785002287.624371389,25164339
1785002287.716888965,25246316
1785002287.807504762,25318745
1785002287.904795262,25390220
1785002288.002173473,25523594
1785002288.089676140,25523594
1785002288.181383996,25117263
1785002288.276433547,25117263
1785002288.371910760,25117263
1785002288.469941508,25117263
1785002288.571016905,25117263
1785002288.669763992,25183313
1785002288.765996925,25265103
1785002288.866877667,25357175
1785002288.973759523,25443134
1785002289.070910029,25535478
1785002289.168633530,25117263
1785002289.249479075,25117263
1785002289.348056488,25117263
1785002289.449594597,25117263
1785002289.542376410,25117263
1785002289.635897772,25185185
1785002289.728085190,25264350
1785002289.822575097,25346297
1785002289.924267170,25428150
1785002290.025277955,25521330
1785002290.119849455,25521330
1785002290.223482778,25117263
1785002290.329067161,25117263
1785002290.429092041,25117263
1785002290.529653835,25117263
1785002290.623681730,25182406
1785002290.720403775,25263870
1785002290.813616769,25342173
1785002290.905275393,25424005
1785002290.997093581,25525335
1785002291.095965672,25525335
1785002291.191198778,25117263
1785002291.297093099,25117263
1785002291.387560763,25117263
1785002291.490950000,25117263
1785002291.589152753,25155693
1785002291.679058382,25234148
1785002291.771434464,25312051
1785002291.873417415,25404963
1785002291.968888257,25531764
1785002292.060776677,25531764
1785002292.156916037,25117263
1785002292.252683117,25117263
1785002292.346042245,25117263
1785002292.435939354,25117263
1785002292.534027664,25133888
1785002292.656515694,25228777
1785002292.759650854,25315192
1785002292.860042853,25403433
1785002292.968239904,25545616
1785002293.065386360,25545616
1785002293.162463604,25117263
1785002293.255163715,25117263
1785002293.343885393,25117263
1785002293.428622929,25117263
1785002293.528924256,25134420
1785002293.618912727,25210558
1785002293.714487362,25293593
1785002293.808420955,25326408
1785002293.896311472,25117263
1785002293.993708344,25117263
1785002294.079208790,25117263
1785002294.181678793,25117263
1785002294.279379163,25117647
1785002294.369345263,25117647
1785002294.466514720,25117263
1785002294.554168381,25117263
1785002294.645905647,25117263
1785002294.748798771,25117263
1785002294.847323132,25140728
1785002294.943699098,25213789
1785002295.045697969,25293836
1785002295.132536939,25357605
1785002295.227114388,25423858
1785002295.329777186,25503315
1785002295.424761526,25591545
1785002295.516163664,25117263
1785002295.607513870,25117263
1785002295.700881158,25117263
1785002295.795803277,25117263
1785002295.895368365,25117263
1785002295.991209477,25165839
1785002296.092886020,25242220
1785002296.187506270,25316595
1785002296.281819643,25387174
1785002296.380813946,25463651
1785002296.481146214,25585607
1785002296.580060926,25585607
1785002296.677244083,25117263
1785002296.779281495,25117263
1785002296.860906550,25117263
1785002296.957272026,25117263
1785002297.051515847,25122705
1785002297.157696305,25202988
1785002297.247536073,25270530
1785002297.339304800,25340152
1785002297.435231524,25413678
1785002297.534148616,25488246
1785002297.617488195,25582433
1785002297.717922316,25582433
1785002297.816739485,25117263
1785002297.906146471,25117263
1785002298.012457033,25117263
1785002298.115121501,25117263
1785002298.211610420,25156061
1785002298.312805730,25234188
1785002298.416906415,25311514
1785002298.520890398,25385853
1785002298.618169897,25460121
1785002298.718236748,25606198
1785002298.817964600,25606198
1785002298.912367895,25117263
1785002299.013692709,25117263
1785002299.094898284,25117263
1785002299.189082753,25117263
1785002299.281347973,25119454
1785002299.375026359,25191171
1785002299.475581823,25269388
1785002299.579980356,25343825
1785002299.673792966,25421543
1785002299.764781683,25489799
1785002299.869640288,25596205
1785002299.964608287,25596205
1785002300.052670999,25117263
1785002300.145488623,25117263
1785002300.238935103,25117263
1785002300.325120826,25117263
1785002300.427411755,25142949
1785002300.521236955,25214185
1785002300.621731297,25286123
1785002300.713358111,25354413
1785002300.811785019,25420253
1785002300.899816440,25484680
1785002300.983419727,25592722
1785002301.081398614,25592722
1785002301.183934509,25117263
1785002301.278692343,25117263
1785002301.374079293,25117263
1785002301.474374780,25117263
1785002301.565564103,25140665
1785002301.656667653,25207239
1785002301.747448784,25272989
1785002301.840633628,25342346
1785002301.937582749,25413922
1785002302.033617716,25482819
1785002302.123550606,25580620
1785002302.214553193,25580620
1785002302.309027050,25117263
1785002302.413296100,25117263
1785002302.501805833,25117263
1785002302.597460300,25117263
1785002302.712223950,25137864
1785002302.805116006,25208119
1785002302.907829266,25285462
1785002303.003115304,25355792
1785002303.100093025,25422675
1785002303.196162973,25491927
1785002303.293701349,25591157
1785002303.391806910,25591157
1785002303.488913014,25117263
1785002303.592440005,25117263
1785002303.691623583,25117263
1785002303.778945366,25117263
1785002303.862705986,25149015
1785002303.945799720,25212382
1785002304.039779274,25282741
1785002304.136227882,25356675
1785002304.233238074,25431721
1785002304.322514097,25503347
1785002304.414948031,25603512
1785002304.506646967,25603512
1785002304.604068890,25117263
1785002304.704283815,25117263
1785002304.801853141,25117263
1785002304.897356115,25117263
1785002305.004592051,25172607
1785002305.100949767,25247565
1785002305.201330986,25317103
1785002305.299294013,25383660
1785002305.393980505,25438758
1785002305.492752343,25515177
1785002305.583464103,25596655
1785002305.680300831,25117263
1785002305.763627420,25117263
1785002305.860529570,25117263
1785002305.952371999,25117263
1785002306.052202664,25117263
1785002306.148399705,25165809
1785002306.248488057,25239986
1785002306.354441600,25317252
1785002306.454712327,25395580
1785002306.549010939,25468635
1785002306.649663426,25588960
1785002306.748343621,25588960
1785002306.845021775,25117263
1785002306.943782782,25117263
1785002307.026787524,25117263
1785002307.128599070,25117263
1785002307.239132711,25135336
1785002307.334594873,25207606
1785002307.438610866,25284512
1785002307.534924491,25356717
1785002307.635382192,25428565
1785002307.734357745,25502289
1785002307.831338357,25586683
1785002307.918874615,25117263
1785002308.010200631,25117263
1785002308.116259046,25117263
1785002308.219307705,25117263
1785002308.319494459,25117263
1785002308.416137132,25154249
1785002308.511414120,25227550
1785002308.608219127,25299692
1785002308.705909977,25376277
1785002308.797341835,25444856
1785002308.905961577,25585770
1785002309.011274484,25585770
1785002309.102265081,25117263
1785002309.198968205,25117263
1785002309.280798716,25117263
1785002309.363128470,25117263
1785002309.462948435,25117263
1785002309.569060252,25179586
1785002309.662739358,25247353
1785002309.760683005,25320634
1785002309.856648260,25393374
1785002309.960058678,25471302
1785002310.062305315,25585642
1785002310.167253192,25585642
1785002310.268480084,25117263
1785002310.354649696,25117263
1785002310.453376543,25117263
1785002310.544174455,25117263
1785002310.636935018,25135766
1785002310.733354455,25207383
1785002310.838923448,25275838
1785002310.931132817,25349300
1785002311.018503941,25417504
1785002311.115304478,25491231
1785002311.207772203,25594157
1785002311.306985332,25594157
1785002311.404871157,25117263
1785002311.496362737,25117263
1785002311.586598695,25117263
1785002311.684685445,25117263
1785002311.775371815,25153026
1785002311.871367291,25226492
1785002311.965817277,25297114
1785002312.076784400,25380969
1785002312.170922238,25439833
1785002312.268142026,25575406
1785002312.370727902,25575406
1785002312.480817902,25117263
1785002312.580024811,25117263
1785002312.694131595,25117263
1785002312.782277898,25117263
1785002312.877072184,25123358
1785002312.973322097,25197406
1785002313.074700152,25273136
1785002313.185707335,25346760
1785002313.285364326,25425619
1785002313.383168299,25501842
1785002313.476968248,25592030
1785002313.576567688,25117263
1785002313.659101027,25117263
1785002313.753123292,25117263
1785002313.849634612,25117263
1785002313.946519411,25117263
1785002314.044927879,25154127
1785002314.147431523,25234417
1785002314.244923928,25307882
1785002314.339189950,25377078
1785002314.439386725,25453146
1785002314.545418310,25601721
1785002314.644298361,25601721
1785002314.740053791,25117263
1785002314.834164578,25117263
1785002314.919437118,25117263
1785002315.020351781,25117263
1785002315.118927764,25117263
1785002315.221759637,25180035
1785002315.317709682,25251622
1785002315.420297628,25329970
1785002315.510550206,25397615
1785002315.613025980,25469286
1785002315.711925981,25584467
1785002315.806171872,25584467
1785002315.901933023,25117263
1785002315.996688337,25117263
1785002316.084395349,25117263
1785002316.191155093,25117263
1785002316.300186036,25117263
1785002316.391973724,25183576
1785002316.489199882,25255616
1785002316.582510249,25323475
1785002316.686974623,25401172
1785002316.788271217,25475783
1785002316.886415598,25586816
1785002316.975846995,25586816
1785002317.077266561,25117263
1785002317.173996927,25117263
1785002317.269771417,25117263
1785002317.365039495,25117263
1785002317.460374654,25146767
1785002317.556130904,25216042
1785002317.656946615,25285659
1785002317.746291700,25354003
1785002317.840369537,25422246
1785002317.938543239,25494750
1785002318.038584680,25592206
1785002318.130373738,25592206
1785002318.229554596,25117263
1785002318.321405146,25117263
1785002318.409861008,25117263
1785002318.503023901,25117263
1785002318.597067177,25117263
1785002318.689756008,25177980
1785002318.794133851,25253339
1785002318.894389277,25326972
1785002318.980224251,25382673
1785002319.078650510,25451751
1785002319.177746546,25577558
1785002319.279957823,25577558
1785002319.373020164,25117263
1785002319.468400464,25117263
1785002319.551363114,25117263
1785002319.649438104,25117263
1785002319.741606642,25117263
1785002319.853449797,25186527
1785002319.951773273,25258731
1785002320.048763676,25330532
1785002320.149710240,25404909
1785002320.249498244,25472062
1785002320.345186882,25588211
1785002320.455630541,25588211
1785002320.550164170,25117263
1785002320.646447134,25117263
1785002320.755934678,25117263
1785002320.848182808,25117263
1785002320.944653436,25152554
1785002321.040235272,25224363
1785002321.135066668,25296145
1785002321.231540217,25356904
1785002321.320019950,25422437
1785002321.416669323,25494095
1785002321.510580835,25583690
1785002321.621603219,25583690
1785002321.719211647,25117263
1785002321.814537436,25117263
1785002321.920415288,25117263
1785002322.019626797,25117263
1785002322.122515441,25168368
1785002322.221450243,25239424
1785002322.311351223,25307622
1785002322.404763652,25376539
1785002322.505542702,25451560
1785002322.614817631,25585427
1785002322.719330177,25585427
1785002322.812180382,25117263
1785002322.911455823,25117263
1785002322.995278556,25117263
1785002323.094296650,25117263
1785002323.203979089,25136000
1785002323.310990900,25207103
1785002323.411886733,25281806
1785002323.496078595,25342333
1785002323.587032051,25407091
1785002323.689202437,25479455
1785002323.787593925,25581356
1785002323.887345678,25581356
1785002323.979667400,25117263
1785002324.083171460,25117263
1785002324.177773710,25117263
1785002324.272625297,25117263
1785002324.380300565,25169829
1785002324.481700321,25247981
1785002324.576308571,25317885
1785002324.682681325,25390553
1785002324.766865777,25451457
1785002324.865060690,25523554
1785002324.966369614,25601606
1785002325.062522334,25117263
1785002325.152497095,25117263
1785002325.246212443,25117263
1785002325.346081929,25117263
1785002325.437114648,25117263
1785002325.519542874,25165886
1785002325.613280412,25225931
1785002325.706652961,25289057
1785002325.810337716,25344854
1785002325.914927314,25398207
1785002326.009616876,25465939
1785002326.109043671,25521668
1785002326.199606008,25597427
1785002326.291771095,25117263
1785002326.381688325,25117263
1785002326.474282574,25117263
1785002326.568004761,25117263
1785002326.665272921,25117263
1785002326.761062372,25168574
1785002326.861466212,25236599
1785002326.964693585,25304551
1785002327.059319426,25367182
1785002327.145856878,25425529
1785002327.238488188,25480501
1785002327.336250980,25583579
1785002327.431147888,25583579
1785002327.521365065,25117263
1785002327.621430487,25117263
1785002327.706345277,25117263
1785002327.801235815,25117263
1785002327.894981594,25117263
1785002327.993910366,25181347
1785002328.098968126,25255691
1785002328.202032415,25328079
1785002328.320061130,25406067
1785002328.414460495,25476042
1785002328.511140189,25589263
1785002328.610323548,25589263
1785002328.706052917,25117263
1785002328.802181057,25117263
1785002328.901827338,25117263
1785002328.993163184,25117263
1785002329.091618554,25158830
1785002329.183036752,25221554
1785002329.276728269,25288682
1785002329.377316414,25364178
1785002329.466520615,25428294
1785002329.556895597,25488721
1785002329.677055327,25578901
1785002329.779259413,25117263
1785002329.870407265,25117263
1785002329.965075687,25117263
1785002330.059656657,25117263
1785002330.153833226,25117263
1785002330.254302438,25151104
1785002330.348373635,25215123
1785002330.441229221,25279384
1785002330.533002448,25339569
1785002330.632349541,25406351
1785002330.721118351,25465222
1785002330.816373648,25580620
1785002330.923034100,25580620
1785002331.023231595,25117263
1785002331.114696774,25117263
1785002331.203927726,25117263
1785002331.295953480,25117263
1785002331.382851652,25119751
1785002331.479700651,25185731
1785002331.578637433,25256527
1785002331.677751190,25328546
1785002331.782481822,25407622
1785002331.875348947,25476433
1785002331.966751105,25576252
1785002332.062794893,25576252
1785002332.158318237,25117263
1785002332.258064591,25117263
1785002332.354484548,25117263
1785002332.446691497,25117263
1785002332.541154934,25151057
1785002332.649330644,25217922
1785002332.748625446,25287081
1785002332.852049184,25358927
1785002332.949302893,25426369
1785002333.040098365,25493233
1785002333.142705362,25588747
1785002333.258176171,25588747
1785002333.361113547,25117263
1785002333.453253624,25117263
1785002333.559339921,25117263
1785002333.662682217,25117263
1785002333.761696241,25163707
1785002333.865168461,25232267
1785002333.958379725,25292587
1785002334.055680075,25352781
1785002334.153117749,25417778
1785002334.259950075,25484255
1785002334.367596612,25583162
1785002334.459607186,25583162
1785002334.557026519,25117263
1785002334.655277274,25117263
1785002334.750891190,25117263
1785002334.856970577,25117263
1785002334.959581424,25157394
1785002335.060970460,25228991
1785002335.157998543,25295670
1785002335.263932086,25367945
1785002335.367756384,25439390
1785002335.470122495,25516590
1785002335.567958369,25588181
1785002335.663996207,25117263
1785002335.747443130,25117263
1785002335.838311454,25117263
1785002335.935935622,25117263
1785002336.032583666,25117263
1785002336.126200861,25156096
1785002336.232852722,25232002
1785002336.316114210,25293443
1785002336.406777189,25361886
1785002336.506893122,25432790
1785002336.604828939,25500481
1785002336.697263873,25587770
1785002336.794110172,25587770
1785002336.892320345,25117263
1785002336.984822902,25117263
1785002337.081580068,25117263
1785002337.179273368,25117263
1785002337.272382200,25157632
1785002337.373644373,25235160
1785002337.477580904,25313630
1785002337.572442371,25381947
1785002337.680814747,25459323
1785002337.791043371,25593661
1785002337.883852785,25593661
1785002337.981027262,25117263
1785002338.081146275,25117263
1785002338.161636182,25117263
1785002338.265527652,25117263
1785002338.371551927,25129915
1785002338.474981206,25208387
1785002338.575356115,25283462
1785002338.672700886,25355078
1785002338.772026739,25427361
1785002338.866066335,25496346
1785002338.968796745,25574026
1785002339.059541586,25574026
1785002339.164926395,25117263
1785002339.258972531,25117263
1785002339.355464771,25117263
1785002339.463189470,25117263
1785002339.561758133,25165878
1785002339.659684909,25236374
1785002339.759231457,25305962
1785002339.848479720,25371456
1785002339.933487353,25431707
1785002340.038261696,25506412
1785002340.134089708,25585678
1785002340.230609758,25585678
1785002340.330854644,25117263
1785002340.436032348,25117263
1785002340.542030532,25117263
1785002340.638237904,25117263
1785002340.732763193,25142732
1785002340.831076590,25213731
1785002340.931833629,25283094
1785002341.031402298,25355140
1785002341.124942781,25426336
1785002341.218144335,25492113
1785002341.310685133,25589734
1785002341.412651913,25589734
1785002341.524942940,25117263
1785002341.644000382,25117263
1785002341.738501150,25117263
1785002341.836994221,25117263
1785002341.932439633,25155790
1785002342.024198201,25221471
1785002342.119846388,25291568
1785002342.219983742,25357176
1785002342.315974648,25427379
1785002342.418965925,25504414
1785002342.525770191,25581112
1785002342.634348152,25117263
1785002342.719555660,25117263
1785002342.813766331,25117263
1785002342.922310411,25117263
1785002343.035928562,25125020
1785002343.137485502,25199031
1785002343.248401624,25271669
1785002343.351847592,25349278
1785002343.467557108,25424888
1785002343.572445304,25499461
1785002343.671086719,25579507
1785002343.765675269,25579507
1785002343.868595894,25117263
1785002343.963825741,25117263
1785002344.063087042,25117263
1785002344.158963805,25117263
1785002344.254769697,25164082
1785002344.353911285,25238155
1785002344.448410453,25309464
1785002344.543431004,25376103
1785002344.639381619,25442336
1785002344.727163344,25503852
1785002344.823161421,25579866
1785002344.917502255,25117263
1785002345.010528995,25117263
1785002345.104022047,25117263
1785002345.199733596,25117263
1785002345.293615328,25117263
1785002345.391069333,25173775
1785002345.491683138,25246512
1785002345.600827134,25320624
1785002345.703385220,25396856
1785002345.805029462,25473615
1785002345.903303488,25586443
1785002345.994213653,25586443
1785002346.090787115,25117263
1785002346.188307131,25117263
1785002346.281144016,25117263
1785002346.381001852,25117263
1785002346.472855632,25130732
1785002346.570981883,25200475
1785002346.671458496,25272100
1785002346.768299424,25338447
1785002346.868343035,25408386
1785002346.969859254,25481187
1785002347.064893956,25584095
1785002347.167070752,25584095
1785002347.263023207,25117263
1785002347.352768423,25117263
1785002347.447624210,25117263
1785002347.541282637,25117263
1785002347.652228759,25162390
1785002347.748328408,25230967
1785002347.845938326,25301928
1785002347.948774150,25378164
1785002348.034446650,25440580
1785002348.126532916,25509920
1785002348.233563097,25584231
1785002348.331488363,25117263
1785002348.414079384,25117263
1785002348.518955920,25117263
1785002348.615646165,25117263
1785002348.722013769,25117263
1785002348.809980638,25154455
1785002348.904199129,25222736
1785002349.005375089,25296527
1785002349.105060571,25370019
1785002349.193167054,25431851
1785002349.286998195,25503218
1785002349.386165104,25596201
1785002349.479791119,25117263
1785002349.570998832,25117263
1785002349.670168471,25117263
1785002349.756361715,25117263
1785002349.858063588,25117263
1785002349.953823299,25155724
1785002350.037139718,25216669
1785002350.132836717,25289107
1785002350.229373348,25357548
1785002350.328949337,25426221
1785002350.423137527,25495089
1785002350.515367427,25607512
1785002350.612020960,25607512
1785002350.705604885,25117263
1785002350.799466126,25117263
1785002350.895230137,25117263
1785002350.996405257,25117263
1785002351.093599155,25117263
1785002351.183933735,25171180
1785002351.286159093,25245273
1785002351.386297166,25313656
1785002351.480962849,25381867
1785002351.577236143,25449739
1785002351.672847319,25512917
1785002351.766743602,25585825
1785002351.860751697,25117263
1785002351.943622975,25117263
1785002352.045435172,25117263
1785002352.138051972,25117263
1785002352.225632661,25117263
1785002352.319752719,25155468
1785002352.424692077,25233840
1785002352.525475117,25309047
1785002352.641804698,25385080
1785002352.764888514,25468420
1785002352.856031825,25604892
1785002352.953024798,25604892
1785002353.050435251,25117263
1785002353.144494328,25117263
1785002353.229082160,25117263
1785002353.333326740,25117263
1785002353.425771265,25120584
1785002353.523206148,25173740
1785002353.625445926,25242787
1785002353.723277320,25307488
1785002353.819680107,25368036
1785002353.918768594,25431768
1785002354.016086125,25494319
1785002354.112511053,25609779
1785002354.211797314,25609779
1785002354.302401602,25117263
1785002354.392066275,25117263
1785002354.475969600,25117263
1785002354.571454203,25117263
1785002354.664560196,25117263
1785002354.757341269,25157010
1785002354.844936139,25221783
1785002354.941321156,25294936
1785002355.039393166,25370180
1785002355.139480628,25446129
1785002355.231688197,25513642
1785002355.328241879,25599164
1785002355.423045295,25117263
1785002355.519689758,25117263
1785002355.612493562,25117263
1785002355.710843700,25117263
1785002355.799898828,25117263
1785002355.892181589,25173696
1785002355.995290929,25248961
1785002356.089823698,25319497
1785002356.185529577,25378959
1785002356.283954166,25453175
1785002356.381142484,25587135
1785002356.480783365,25587135
1785002356.574796720,25587135
1785002356.679235085,25117263
1785002356.775903479,25117263
1785002356.874874342,25117263
1785002356.973031535,25117263
1785002357.067885632,25162582
1785002357.176500824,25240581
1785002357.283163136,25314702
1785002357.387210941,25395247
1785002357.486674867,25470555
1785002357.578811754,25605944
1785002357.687513069,25605944
1785002357.780203030,25117263
1785002357.879053011,25117263
1785002357.960570004,25117263
1785002358.064034983,25117263
1785002358.161838567,25121762
1785002358.269302429,25203452
1785002358.364341721,25270464
1785002358.460981725,25342076
1785002358.558462300,25407019
1785002358.667158904,25483459
1785002358.775275804,25618540
1785002358.878016294,25618540
1785002358.972128153,25117263
1785002359.060848882,25117263
1785002359.154602251,25117263
1785002359.256548461,25117263
1785002359.361905509,25144624
1785002359.454511518,25214287
1785002359.552239360,25285789
1785002359.650082554,25358022
1785002359.751066870,25432074
1785002359.849383116,25503946
1785002359.951517881,25605734
1785002360.043051363,25117263
1785002360.125548982,25117263
1785002360.216931339,25117263
1785002360.309989690,25117263
1785002360.416571210,25117263
1785002360.509384585,25139814
1785002360.598374001,25196697
1785002360.693845134,25263739
1785002360.794486891,25338315
1785002360.899628303,25416744
1785002360.998408562,25489231
1785002361.103180885,25593385
1785002361.217515015,25593385
1785002361.308177724,25117263
1785002361.402066757,25117263
1785002361.490648532,25117263
1785002361.587401149,25117263
1785002361.687697416,25155849
1785002361.784776311,25226842
1785002361.872116084,25290228
1785002361.974734752,25367119
1785002362.067684790,25434513
1785002362.162007314,25501045
1785002362.261412399,25601652
1785002362.359406037,25117263
1785002362.441792142,25117263
1785002362.539220436,25117263
1785002362.647100440,25117263
1785002362.751016321,25117263
1785002362.853683400,25180506
1785002362.945646883,25248466
1785002363.042325157,25319068
1785002363.134510265,25385993
1785002363.239126925,25461556
1785002363.340798998,25591821
1785002363.439330570,25591821
1785002363.540681215,25117263
1785002363.652657464,25117263
1785002363.736947699,25117263
1785002363.831663303,25117263
1785002363.926455518,25117263
1785002364.029839906,25180247
1785002364.115099826,25244547
1785002364.214009398,25311672
1785002364.305678193,25381564
1785002364.403418054,25453419
1785002364.501488955,25526375
1785002364.597394469,25603594
1785002364.691649311,25117263
1785002364.773934424,25117263
1785002364.872975180,25117263
1785002364.970089205,25117263
1785002365.081621133,25117263
1785002365.172984940,25184960
1785002365.269781398,25256124
1785002365.367038527,25322263
1785002365.469526431,25402396
1785002365.570991799,25479945
1785002365.671262067,25621740
1785002365.778493243,25621740
1785002365.870157068,25117263
1785002365.968188868,25117263
1785002366.058605070,25117263
1785002366.150300446,25117263
1785002366.260387737,25146530
1785002366.361840324,25221310
1785002366.458592801,25294467
1785002366.563444776,25372065
1785002366.660448849,25437736
1785002366.765668654,25511417
1785002366.854320911,25594847
1785002366.955356208,25117263
1785002367.044983980,25117263
1785002367.141911651,25117263
1785002367.241883141,25117263
1785002367.343262026,25117263
1785002367.442782944,25173528
1785002367.546257554,25247559
1785002367.641555283,25312301
1785002367.742612230,25388864
1785002367.842120378,25462345
1785002367.937966080,25596380
1785002368.034637645,25596380
1785002368.128290571,25117263
1785002368.229159544,25117263
1785002368.310111723,25117263
1785002368.400542546,25117263
1785002368.486631247,25117263
1785002368.588201718,25175559
1785002368.704695723,25256017
1785002368.803226086,25326983
1785002368.897326244,25398074
1785002368.998196276,25472181
1785002369.097150959,25590258
1785002369.191049902,25590258
1785002369.290025886,25117263
1785002369.384105653,25117263
1785002369.468102000,25117263
1785002369.566120760,25117263
1785002369.672612557,25117263
1785002369.792815619,25193670
1785002369.895909769,25268036
1785002369.994014010,25337839
1785002370.090951801,25406157
1785002370.181623971,25472477
1785002370.275146454,25602865
1785002370.368000929,25602865
1785002370.459242894,25117263
1785002370.554948133,25117263
1785002370.643833726,25117263
1785002370.745958241,25117263
1785002370.854704007,25126140
1785002370.951399432,25200790
1785002371.042525923,25268672
1785002371.133072000,25335853
1785002371.230247297,25404816
1785002371.317844957,25470271
1785002371.411609666,25590223
1785002371.502643835,25590223
1785002371.606707360,25117263
1785002371.692399701,25117263
1785002371.776283606,25117263
1785002371.866918554,25117263
1785002371.967569851,25117263
1785002372.064532613,25179706
1785002372.172032667,25253743
1785002372.261779192,25318944
1785002372.354418273,25387968
1785002372.457107012,25466934
1785002372.556073666,25612747
1785002372.668575479,25612747
1785002372.768943898,25117263
1785002372.860831099,25117263
1785002372.955978224,25117263
1785002373.061478696,25117263
1785002373.165999413,25122125
1785002373.281357519,25204814
1785002373.375926580,25275591
1785002373.472739557,25347895
1785002373.570394417,25418836
1785002373.680190020,25488481
1785002373.775094329,25602284
1785002373.874970846,25602284
1785002373.980221222,25117263
1785002374.077258415,25117263
1785002374.162818663,25117263
1785002374.261892319,25117263
1785002374.356994633,25131074
1785002374.461395147,25176327
1785002374.573009727,25244710
1785002374.692553841,25324777
1785002374.796869323,25393489
1785002374.901461712,25463020
1785002374.996211176,25515553
1785002375.105119526,25589977
1785002375.208956966,25117269
1785002375.301810522,25117263
1785002375.407423017,25117263
1785002375.504689386,25117263
1785002375.601124724,25117263
1785002375.698206399,25167044
1785002375.805823936,25243996
1785002375.902409838,25307769
1785002375.999230086,25377636
1785002376.096691471,25448516
1785002376.182131956,25501827
1785002376.280989096,25597392
1785002376.383050090,25117263
1785002376.468799713,25117263
1785002376.570130617,25117263
1785002376.664200994,25117263
1785002376.754232627,25117263
1785002376.863477486,25158223
1785002376.957711388,25222778
1785002377.057175504,25293851
1785002377.159895274,25368410
1785002377.262477721,25442231
1785002377.365360916,25516666
1785002377.469269557,25588702
1785002377.562142523,25117263
1785002377.645129975,25117263
1785002377.740416303,25117263
1785002377.834350557,25117263
1785002377.932157401,25117263
1785002378.036275337,25168922
1785002378.134071601,25240926
1785002378.229268397,25306743
1785002378.334017260,25383752
1785002378.441094002,25462843
1785002378.541552435,25596167
1785002378.643487615,25596167
1785002378.740755415,25117263
1785002378.826587559,25117263
1785002378.922226647,25117263
1785002379.027912334,25117263
1785002379.125059541,25117263
1785002379.224841765,25172364
1785002379.330025029,25251552
1785002379.427852073,25315543
1785002379.527407132,25385501
1785002379.630417040,25460060
1785002379.736972069,25598858
1785002379.844568436,25598858
1785002379.945927801,25117263
1785002380.041572189,25117263
1785002380.134082346,25117263
1785002380.247288117,25117263
1785002380.344509346,25117263
1785002380.436396506,25181268
1785002380.541803616,25258495
1785002380.636597372,25331261
1785002380.736507840,25401009
1785002380.838769469,25479350
1785002380.941244153,25607427
1785002381.043144802,25607427
1785002381.140577136,25117263
1785002381.232939900,25117263
1785002381.332965981,25117263
1785002381.428028013,25117263
1785002381.526141515,25138264
1785002381.620754036,25208538
1785002381.720381257,25282941
1785002381.804402985,25346117
1785002381.905968415,25421575
1785002382.008352317,25491243
1785002382.122283597,25605006
1785002382.221540778,25605006
1785002382.320837960,25117263
1785002382.414442406,25117263
1785002382.503795771,25117263
1785002382.601308677,25117263
1785002382.712300641,25134396
1785002382.810187957,25207981
1785002382.907357764,25277692
1785002383.005661991,25351165
1785002383.103474535,25422246
1785002383.201539685,25494266
1785002383.297800319,25592621
1785002383.399320598,25117263
1785002383.482804033,25117263
1785002383.580309169,25117263
1785002383.679101828,25117263
1785002383.777669321,25117263
1785002383.882633349,25172950
1785002383.980874594,25247224
1785002384.076966294,25317747
1785002384.167061419,25384025
1785002384.263882867,25458263
1785002384.356671331,25527776
1785002384.454678330,25603376
1785002384.551125299,25117263
1785002384.635553397,25117263
1785002384.730179009,25117263
1785002384.832433467,25117263
1785002384.927538631,25117263
1785002385.020471859,25163864
1785002385.111378315,25231208
1785002385.205090353,25298961
1785002385.298796891,25371332
1785002385.401253614,25448186
1785002385.493018702,25515946
1785002385.594945002,25598548
1785002385.692753976,25117263
1785002385.775950753,25117263
1785002385.874886666,25117263
1785002385.972971567,25117263
1785002386.070554225,25117263
1785002386.172698750,25168353
1785002386.270195426,25231849
1785002386.377210357,25313626
1785002386.473240325,25384280
1785002386.571039559,25453403
1785002386.675004191,25587296
1785002386.765653280,25587296
1785002386.862142770,25117263
1785002386.958810565,25117263
1785002387.049794812,25117263
1785002387.146605180,25117263
1785002387.244542847,25117263
1785002387.347713420,25176704
1785002387.444730683,25248335
1785002387.534479559,25315741
1785002387.638958865,25382300
1785002387.738417711,25459318
1785002387.832838518,25605324
1785002387.934140771,25605324
1785002388.030859057,25117263
1785002388.126155696,25117263
1785002388.207558856,25117263
1785002388.307672970,25117263
1785002388.412792872,25129766
1785002388.520320577,25200774
1785002388.620624295,25273397
1785002388.712080055,25273397
1785002388.814267912,25117263
1785002388.912202089,25117263
1785002389.000925118,25117263
1785002389.094169324,25117263
1785002389.193181989,25136932
1785002389.294651207,25136932
1785002389.391791864,25117263
1785002389.493006116,25117263
1785002389.573751549,25117263
1785002389.681079249,25117263
1785002389.779132099,25117560
1785002389.884942189,25117560
1785002389.973483314,25117263
1785002390.069673686,25117263
1785002390.162849860,25117263
1785002390.253126730,25117263
1785002390.349014834,25117263
1785002390.444709953,25117263
